"grade_level","type","value"
9,"avg_absent",0.369230769230769
9,"avg_tardy",0.353846153846154
10,"avg_absent",0.261538461538462
10,"avg_tardy",0.307692307692308
11,"avg_absent",0.266666666666667
11,"avg_tardy",0.333333333333333
12,"avg_absent",0.333333333333333
12,"avg_tardy",0.433333333333333
